AF196835	9/15/99
AF202541	8/28/99
AF206518	9/14/99
AF260967	8/1/99
AF404753	8/1/00
AF404754	8/1/00
AF404755	8/1/00
AF404756	8/1/00
AF533540	9/15/01
AY289214	8/15/02
AY646354	8/1/02
AY712945	8/1/03
AY712946	8/1/03
AY712947	8/1/03
AY712948	8/1/03
AY795965	8/1/02
DQ005530	8/1/03
DQ080051	8/1/03
DQ080052	8/1/03
DQ080053	8/1/03
DQ080054	8/1/03
DQ080055	8/1/03
DQ080056	8/1/03
DQ080057	8/1/03
DQ080058	8/1/03
DQ080059	8/1/03
DQ080060	8/1/04
DQ080061	8/1/04
DQ080062	8/1/02
DQ080063	8/1/03
DQ080064	8/1/03
DQ080065	8/1/03
DQ080066	8/1/03
DQ080067	8/1/03
DQ080068	8/1/03
DQ080069	8/1/03
DQ080070	8/1/03
DQ080071	8/1/02
DQ080072	8/1/01
DQ164186	8/1/02
DQ164187	8/1/02
DQ164188	8/1/03
DQ164189	8/1/03
DQ164190	8/1/03
DQ164191	8/1/03
DQ164192	8/1/03
DQ164193	8/1/02
DQ164194	8/1/01
DQ164195	8/1/02
DQ164196	8/1/02
DQ164197	8/1/02
DQ164198	8/1/02
DQ164199	8/1/03
DQ164200	8/1/02
DQ164201	8/1/04
DQ164202	8/1/02
DQ164203	8/1/03
DQ164204	8/1/03
DQ164205	8/1/02
DQ164206	8/1/04
DQ176637	8/1/02
DQ431693	8/1/03
DQ431694	8/1/03
DQ431695	8/1/03
DQ431696	8/1/03
DQ431697	8/1/03
DQ431698	8/1/03
DQ431699	8/1/03
DQ431700	8/1/04
DQ431701	8/1/04
DQ431702	8/1/04
DQ431703	8/1/04
DQ431704	8/1/04
DQ431705	8/1/04
DQ431706	8/1/04
DQ431707	8/1/04
DQ431708	7/16/04
DQ431709	7/16/04
DQ431710	7/31/04
DQ431711	8/1/04
DQ431712	8/1/04
DQ666448	8/1/04
DQ666449	8/1/05
DQ666450	8/1/05
DQ666451	8/1/05
DQ666452	8/1/05
DQ983578	8/1/03
FJ151394	8/1/99
GQ507468	8/3/05
GQ507469	9/1/05
GQ507470	8/30/06
GQ507471	6/23/07
GQ507472	7/14/03
GQ507473	7/24/04
GQ507474	8/27/04
GQ507475	6/27/05
GQ507476	7/27/05
GQ507477	8/1/05
GQ507478	8/26/05
GQ507479	9/9/05
GQ507480	10/4/05
GQ507481	8/22/06
GQ507482	9/3/06
GQ507483	8/2/07
GQ507484	8/16/07
GU827998	8/1/02
GU827999	8/1/03
GU828000	8/1/03
GU828001	8/1/03
GU828002	8/1/03
GU828003	8/1/03
GU828004	8/1/03
HM488114	10/1/02
HM488115	8/22/05
HM488116	8/22/05
HM488117	8/22/05
HM488118	8/29/05
HM488119	9/6/05
HM488120	9/6/05
HM488121	9/25/05
HM488125	9/29/99
HM488126	9/25/99
HM488127	9/24/99
HM488128	9/27/99
HM488129	9/21/00
HM488130	9/18/00
HM488131	9/21/00
HM488132	9/20/00
HM488133	7/16/01
HM488134	9/6/01
HM488135	9/6/01
HM488136	9/7/01
HM488137	8/20/02
HM488138	8/18/03
HM488139	10/7/03
HM488140	8/12/03
HM488141	9/16/03
HM488142	7/12/04
HM488143	8/9/04
HM488144	8/17/04
HM488145	8/30/04
HM488146	8/30/04
HM488147	9/13/04
HM488148	10/4/04
HM488149	8/1/05
HM488150	9/6/05
HM488151	9/6/05
HM488152	8/16/05
HM488153	8/16/05
HM488154	8/16/05
HM488155	8/31/06
HM488156	9/13/06
HM488157	9/18/06
HM488158	7/31/06
HM488159	8/14/06
HM488160	9/25/06
HM488161	8/22/07
HM488162	9/4/07
HM488163	8/29/07
HM488164	8/30/07
HM488165	8/30/07
HM488166	9/10/08
HM488167	9/10/08
HM488168	9/10/08
HM488169	9/16/08
HM488170	9/16/08
HM488171	7/8/03
HM488172	8/11/03
HM488173	8/12/03
HM488174	8/12/03
HM488175	8/19/03
HM488176	8/20/03
HM488208	8/19/02
HM488209	8/14/03
HM488210	8/18/03
HM488212	8/19/03
HM488213	8/20/03
HM488214	8/20/03
HM488215	8/20/03
HM488216	8/20/03
HM488217	8/21/03
HM488218	8/25/03
HM488219	8/25/03
HM488220	8/25/03
HM488221	9/3/03
HM488222	9/9/03
HM488223	9/11/03
HM488224	9/11/03
HM488225	9/15/03
HM488226	9/15/03
HM488227	9/15/03
HM488228	9/15/03
HM488229	9/15/03
HM488230	9/16/03
HM488231	9/17/03
HM488232	9/17/03
HM488233	9/17/03
HM488234	9/17/03
HM488235	9/24/03
HM488236	10/15/03
HM756648	9/24/02
HM756649	9/5/06
HM756650	8/21/03
HM756651	8/25/03
HM756652	8/26/03
HM756653	8/26/03
HM756654	9/9/03
HM756656	9/17/03
HM756657	10/1/03
HM756658	10/7/03
HM756659	10/8/03
JF415914	8/1/05
JF415915	8/1/06
JF415916	8/1/06
JF415917	8/1/07
JF415918	8/1/07
JF415919	8/1/07
JF415920	8/1/07
JF415921	8/1/08
JF415922	8/1/09
JF415923	8/1/09
JF415924	8/1/09
JF415925	8/1/09
JF415926	8/1/09
JF415927	8/1/09
JF415928	8/1/09
JF415929	8/1/05
JF415930	8/1/06
JF703161	7/2/04
JF703162	7/15/03
JF703163	11/8/05
JF703164	8/1/03
JX015515	6/28/05
JX015516	8/14/07
JX015517	8/26/08
JX015518	9/9/08
JX015519	7/28/09
JX015520	8/11/09
JX015521	9/1/09
JX015522	8/17/10
JX015523	8/31/10
KC333374	8/26/11
KC333375	8/4/12
KC333376	6/14/12
KC333377	6/14/12
KC333378	6/28/12
KC333379	6/28/12
KC333380	6/29/12
KC333381	7/4/12
KC333382	7/6/12
KC333383	7/6/12
KC333384	7/11/12
KC333385	7/11/12
KC333386	7/18/12
KC333387	7/18/12
KC711057	5/30/12
KC711058	6/5/12
KC711059	10/9/12
KC736486	7/2/12
KC736487	7/2/12
KC736488	7/2/12
KC736489	7/2/12
KC736490	7/2/12
KC736491	7/3/12
KC736492	7/3/12
KC736493	7/3/12
KC736494	8/14/12
KC736495	8/16/12
KC736496	8/15/12
KC736497	8/20/12
KC736498	8/21/12
KC736499	8/21/12
KC736500	8/28/12
KC736501	8/29/12
KC736502	7/3/12
KF704147	8/1/10
KF704153	8/6/10
KF704158	8/9/10
KJ501233	9/19/01
KJ501234	9/26/01
KJ501235	9/26/01
KJ501236	9/14/09
KJ501237	8/8/08
KJ501238	8/11/08
KJ501239	8/15/08
KJ501240	10/2/08
KJ501241	8/21/09
KJ501242	9/7/10
KJ501244	9/19/01
KJ501246	9/25/01
KJ501247	9/25/01
KJ501248	9/27/01
KJ501249	10/3/01
KJ501250	8/24/09
KJ501251	9/11/09
KJ501253	4/25/08
KJ501254	8/21/08
KJ501255	8/27/08
KJ501256	8/27/09
KJ501257	9/1/02
KJ501259	1/3/08
KJ501260	7/30/08
KJ501264	9/13/01
KJ501267	9/7/05
KJ501268	10/31/01
KJ501269	10/25/01
KJ501274	9/20/01
KJ501275	9/14/01
KJ501276	8/23/02
KJ501277	8/22/01
KJ501282	9/27/01
KJ501283	10/5/01
KJ501286	9/27/02
KJ501288	9/18/01
KJ501289	10/2/01
KJ501293	10/2/03
KJ501297	8/18/03
KJ501306	9/27/02
KJ501307	8/1/02
KJ501308	9/13/10
KJ501322	9/10/02
KJ501323	7/31/03
KJ501324	8/29/03
KJ501326	8/6/03
KJ501327	8/6/03
KJ501329	8/5/03
KJ501330	8/25/05
KJ501331	9/12/02
KJ501335	8/19/05
KJ501336	9/7/01
KJ501341	8/1/05
KJ501342	9/15/05
KJ501343	9/4/01
KJ501346	2/10/03
KJ501348	9/9/03
KJ501349	7/31/03
KJ501350	8/6/03
KJ501354	9/25/03
KJ501361	10/5/01
KJ501362	10/1/01
KJ501363	9/14/01
KJ501372	10/9/03
KJ501374	11/6/01
KJ501376	9/17/02
KJ501377	8/23/01
KJ501378	9/20/01
KJ501379	9/27/01
KJ501381	7/30/03
KJ501382	8/29/03
KJ501385	8/5/04
KJ501386	7/27/07
KJ501395	10/4/01
KJ501397	8/23/02
KJ501440	7/30/08
KJ501441	10/1/08
KJ501442	5/19/10
KJ501443	10/19/01
KJ501453	10/5/01
KJ501454	10/5/01
KJ501455	9/14/01
KJ501459	8/1/03
KJ501461	9/1/05
KJ501462	9/12/02
KJ501465	8/24/01
KJ501466	9/20/02
KJ501467	9/27/02
KJ501468	9/27/01
KJ501469	8/15/03
KJ501470	8/5/03
KJ501471	8/12/05
KJ501473	9/27/01
KJ501474	9/27/02
KJ501479	9/4/02
KJ501480	9/13/01
KJ501485	7/18/06
KJ501486	9/17/01
KJ501488	7/23/03
KJ501493	10/2/01
KJ501494	9/18/01
KJ501496	10/10/01
KJ501499	10/2/03
KJ501500	12/22/09
KJ501504	8/13/03
KJ501506	9/30/03
KJ501507	8/30/01
KJ501509	11/9/01
KJ501512	10/2/01
KJ501515	10/31/01
KJ501516	9/20/01
KJ501518	7/27/07
KJ786935	8/22/12
KJ786936	8/17/12
KR348915	8/29/11
KR348916	8/18/08
KR348917	8/18/08
KR348918	3/10/11
KR348919	7/29/09
KR348920	3/8/09
KR348921	3/8/09
KR348922	8/18/09
KR348923	8/19/03
KR348924	8/19/03
KR348925	8/19/03
KR348926	12/6/08
KR348927	9/16/03
KR348928	10/7/07
KR348929	10/7/08
KR348930	1/9/09
KR348931	1/9/09
KR348932	9/18/07
KR348933	3/9/08
KR348934	9/18/07
KR348935	5/29/05
KR348936	9/25/08
KR348937	8/6/10
KR348938	2/15/11
KR348939	6/19/05
KR348940	8/6/10
KR348941	8/30/11
KR348942	8/30/11
KR348943	4/14/04
KR348944	9/14/10
KR348945	4/28/04
KR348946	7/24/08
KR348947	9/18/07
KR348948	8/16/04
KR348949	8/24/04
KR348950	5/22/08
KR348951	5/17/04
KR348952	10/18/07
KR348953	9/25/08
KR348954	11/8/10
KR348955	5/12/07
KR348956	12/8/10
KR348957	12/8/10
KR348958	2/9/11
KR348959	2/9/11
KR348960	2/9/11
KR348961	2/9/11
KR348962	2/9/11
KR348963	2/9/11
KR348964	10/25/11
KR348965	10/26/11
KR348966	10/28/11
KR348967	11/17/11
KR348968	7/22/08
KR348969	6/24/11
KR348970	7/22/08
KR348971	6/30/11
KR348972	6/7/11
KR348973	6/7/11
KR348974	3/8/04
KR348975	3/8/04
KR348976	7/18/11
KR348977	8/15/11
KR348978	6/27/08
KR348979	7/13/04
KR348980	1/9/11
KR348981	1/9/11
KR348982	1/9/11
KR348983	1/9/11
KR348984	1/9/11
KR348985	8/14/07
KR348986	8/14/07
KR348987	10/9/08
KR348988	12/9/08
KR348989	11/9/07
KR348990	9/13/07
KR348991	9/14/07
KR348992	9/22/06
KR348993	7/21/11
KR348994	8/24/05
KR348995	8/23/05
KR348996	8/10/04
KR348997	6/29/05
KR348998	6/27/08
KR348999	7/18/05
KR349000	7/25/08
KR349001	1/9/11
KR349002	1/9/11
KR349003	1/9/11
KR349004	1/9/11
KR349005	1/9/11
KR349006	1/9/11
KR349007	7/15/05
KR349008	7/15/05
KR349009	7/15/05
KR349010	7/26/05
KR349011	7/28/05
KR349012	7/28/05
KR349013	9/25/07
KR349014	8/26/08
KR349015	11/8/04
KR349016	8/13/04
KR349017	7/25/07
KR349018	7/26/07
KR349019	8/25/09
KR349020	2/9/11
KR349021	1/9/11
KR349022	2/9/11
KR349023	8/13/04
KR349024	8/19/03
KR349025	7/25/07
KR349026	9/13/11
KR868734	8/22/12
KT862843	9/8/10
KT862844	8/29/11
KX547164	9/8/06
KX547165	9/10/05
KX547166	10/28/03
KX547167	9/4/13
KX547168	9/27/12
KX547169	9/2/15
KX547170	9/23/03
KX547171	8/3/11
KX547172	9/2/09
KX547173	8/31/05
KX547174	7/16/13
KX547175	7/10/08
KX547176	8/12/03
KX547177	7/6/12
KX547178	8/13/03
KX547179	8/8/02
KX547180	9/7/06
KX547181	9/24/03
KX547182	9/11/02
KX547183	7/22/08
KX547184	8/28/13
KX547185	9/6/12
KX547186	7/8/08
KX547187	8/28/08
KX547188	8/15/03
KX547189	8/9/02
KX547190	7/12/13
KX547191	8/7/08
KX547192	8/24/11
KX547193	10/7/05
KX547194	9/21/02
KX547195	9/19/07
KX547196	9/17/13
KX547197	7/29/04
KX547198	8/28/12
KX547199	7/20/05
KX547200	8/16/12
KX547201	7/20/12
KX547202	9/26/04
KX547203	10/4/01
KX547204	9/12/02
KX547205	8/19/05
KX547206	8/7/15
KX547207	8/14/02
KX547208	7/2/07
KX547209	10/22/06
KX547210	8/17/01
KX547211	9/11/06
KX547212	9/30/03
KX547213	9/13/02
KX547214	9/10/09
KX547215	8/22/06
KX547216	9/16/11
KX547217	9/29/05
KX547218	8/14/03
KX547219	8/30/07
KX547220	8/18/11
KX547221	9/23/14
KX547222	7/6/12
KX547223	9/16/05
KX547224	9/8/06
KX547225	9/17/10
KX547226	7/25/07
KX547227	9/1/11
KX547228	9/10/02
KX547229	8/29/06
KX547230	9/20/02
KX547231	8/7/07
KX547232	8/30/04
KX547233	7/19/07
KX547234	7/3/12
KX547235	8/13/15
KX547236	9/15/11
KX547237	8/12/04
KX547238	8/21/02
KX547239	8/20/03
KX547240	9/3/08
KX547241	9/9/03
KX547242	8/3/10
KX547243	8/23/06
KX547244	10/2/03
KX547245	9/13/02
KX547246	9/6/02
KX547247	8/14/02
KX547248	9/26/03
KX547249	9/15/04
KX547250	8/3/06
KX547251	7/19/02
KX547252	9/13/02
KX547253	5/30/04
KX547254	7/17/13
KX547255	9/13/11
KX547256	8/10/04
KX547257	9/24/07
KX547258	7/12/06
KX547259	8/11/05
KX547260	8/10/06
KX547261	9/4/02
KX547262	7/20/05
KX547263	9/16/02
KX547264	8/16/04
KX547265	8/31/09
KX547266	8/9/02
KX547267	9/29/03
KX547268	8/9/06
KX547269	8/23/13
KX547270	8/23/06
KX547271	8/12/06
KX547272	8/7/01
KX547273	7/31/06
KX547274	9/5/13
KX547275	9/3/04
KX547276	7/18/11
KX547277	9/23/04
KX547278	9/17/12
KX547279	7/8/10
KX547280	9/10/12
KX547281	6/4/04
KX547282	9/7/04
KX547283	8/30/12
KX547284	8/15/08
KX547285	8/16/04
KX547286	9/3/15
KX547287	9/29/03
KX547288	7/27/03
KX547289	10/5/05
KX547290	8/13/07
KX547291	8/14/12
KX547292	9/16/09
KX547293	8/24/11
KX547294	9/30/10
KX547295	8/24/11
KX547296	5/11/04
KX547297	8/6/07
KX547298	8/3/04
KX547299	8/25/02
KX547300	8/17/09
KX547301	9/10/02
KX547302	8/4/04
KX547303	7/27/05
KX547304	9/2/04
KX547305	8/25/02
KX547306	9/2/09
KX547307	8/15/05
KX547308	9/30/04
KX547309	8/14/08
KX547310	8/26/03
KX547311	9/25/03
KX547312	5/20/04
KX547313	8/3/04
KX547314	9/27/02
KX547315	8/24/12
KX547316	9/13/01
KX547317	7/27/04
KX547318	8/19/06
KX547319	9/7/09
KX547320	9/17/02
KX547321	9/7/05
KX547322	8/19/03
KX547323	7/31/13
KX547324	8/14/13
KX547325	9/20/11
KX547326	8/1/07
KX547327	8/24/06
KX547328	7/3/13
KX547329	8/24/07
KX547330	9/18/13
KX547331	9/26/02
KX547332	8/8/05
KX547333	10/9/13
KX547334	6/18/12
KX547335	8/5/08
KX547336	9/9/02
KX547337	9/28/12
KX547338	9/9/05
KX547339	9/11/07
KX547340	8/16/12
KX547341	1/31/05
KX547342	8/10/06
KX547343	8/8/12
KX547344	7/24/13
KX547345	8/11/04
KX547346	6/18/04
KX547347	5/25/05
KX547348	8/14/09
KX547349	8/31/06
KX547350	7/28/06
KX547351	8/4/04
KX547352	8/14/08
KX547353	7/11/00
KX547354	10/3/03
KX547355	9/13/05
KX547356	8/7/12
KX547357	8/7/07
KX547358	9/20/13
KX547359	8/14/06
KX547360	9/11/05
KX547361	8/12/10
KX547362	8/31/05
KX547363	8/13/03
KX547364	9/13/02
KX547365	7/30/08
KX547366	8/10/05
KX547367	7/21/06
KX547368	8/28/09
KX547369	8/25/11
KX547370	8/30/05
KX547371	9/20/07
KX547372	8/13/09
KX547373	9/30/09
KX547374	8/23/02
KX547375	9/8/11
KX547376	9/16/10
KX547377	7/21/05
KX547378	9/11/02
KX547379	9/28/04
KX547380	7/11/12
KX547381	10/3/03
KX547382	8/24/07
KX547383	10/4/02
KX547384	8/7/06
KX547385	7/27/06
KX547386	7/21/00
KX547387	8/22/06
KX547388	8/26/10
KX547389	9/7/12
KX547390	8/29/04
KX547391	8/25/10
KX547392	8/8/07
KX547393	8/6/02
KX547394	8/1/06
KX547395	8/31/00
KX547396	9/16/05
KX547397	8/30/05
KX547398	8/23/02
KX547399	9/6/07
KX547400	8/30/06
KX547401	9/16/08
KX547402	9/18/02
KX547403	5/20/04
KX547404	8/18/08
KX547405	8/9/03
KX547406	9/25/09
KX547407	8/27/09
KX547408	9/13/04
KX547409	9/10/03
KX547410	7/30/12
KX547411	7/10/03
KX547412	8/30/11
KX547413	8/2/05
KX547414	9/10/02
KX547415	7/28/04
KX547416	8/4/11
KX547417	7/22/11
KX547418	8/16/12
KX547419	8/23/07
KX547420	7/28/06
KX547421	8/15/02
KX547422	10/3/03
KX547423	7/16/04
KX547424	7/10/07
KX547425	9/9/09
KX547426	8/8/07
KX547427	6/22/04
KX547428	9/26/02
KX547429	8/15/02
KX547430	8/18/09
KX547431	8/17/06
KX547432	8/10/06
KX547433	8/31/06
KX547434	9/11/09
KX547435	8/18/06
KX547436	9/8/08
KX547437	7/29/03
KX547438	8/10/11
KX547439	8/14/03
KX547440	8/19/08
KX547441	8/16/05
KX547442	8/31/10
KX547443	8/17/12
KX547444	8/6/02
KX547445	9/17/14
KX547446	6/7/04
KX547447	8/8/07
KX547448	8/29/02
KX547449	7/6/11
KX547450	8/5/15
KX547451	8/22/06
KX547452	8/14/07
KX547453	7/29/08
KX547454	8/3/04
KX547455	8/13/03
KX547456	7/31/12
KX547457	7/27/11
KX547458	9/22/03
KX547459	9/26/02
KX547460	8/6/13
KX547461	8/8/05
KX547462	6/29/04
KX547463	8/25/09
KX547464	9/16/09
KX547465	7/31/13
KX547466	8/19/03
KX547467	9/12/13
KX547468	8/11/03
KX547469	9/19/02
KX547470	8/9/07
KX547471	9/21/05
KX547472	8/31/06
KX547473	7/17/13
KX547474	10/11/02
KX547475	8/6/06
KX547476	8/7/08
KX547477	8/10/04
KX547478	9/8/01
KX547479	9/7/05
KX547480	9/22/03
KX547481	9/1/05
KX547482	8/7/13
KX547483	7/3/14
KX547484	10/1/02
KX547485	6/13/14
KX547486	9/13/05
KX547487	10/4/04
KX547488	9/15/11
KX547489	7/29/04
KX547490	9/6/02
KX547491	9/4/07
KX547492	9/26/02
KX547493	9/19/04
KX547494	9/12/10
KX547495	7/21/11
KX547496	7/25/07
KX547497	8/1/12
KX547498	9/9/09
KX547499	7/14/04
KX547500	8/23/07
KX547501	9/10/04
KX547502	9/13/06
KX547503	8/14/02
KX547504	9/19/08
KX547505	9/26/02
KX547506	8/21/02
KX547507	8/11/11
KX547508	9/5/05
KX547509	8/13/02
KX547510	9/14/07
KX547511	8/21/06
KX547512	8/22/05
KX547513	9/14/05
KX547514	9/12/13
KX547515	9/2/09
KX547516	8/22/07
KX547517	9/4/09
KX547518	8/31/09
KX547519	9/1/00
KX547520	9/11/12
KX547521	8/18/05
KX547522	8/10/09
KX547523	7/16/05
KX547524	8/21/13
KX547525	9/2/02
KX547526	9/5/03
KX547527	10/3/02
KX547528	8/24/07
KX547529	8/24/11
KX547530	9/30/05
KX547531	8/13/03
KX547532	8/1/05
KX547533	5/20/04
KX547534	9/29/04
KX547535	9/6/07
KX547536	6/1/04
KX547537	9/27/11
KX547538	8/15/01
KX547539	8/22/07
KX547540	9/27/12
KX547541	8/28/09
KX547542	6/7/04
KX547543	9/5/07
KX547544	8/26/09
KX547545	9/28/07
KX547546	9/19/06
KX547547	8/23/12
KX547548	9/2/14
KX547549	10/2/03
KX547550	9/4/03
KX547551	10/3/13
KX547552	9/16/10
KX547553	9/16/06
KX547554	9/12/02
KX547555	7/17/12
KX547556	9/6/12
KX547557	9/22/09
KX547558	9/4/08
KX547559	9/11/12
KX547560	9/17/05
KX547561	9/1/09
KX547562	7/27/10
KX547563	8/9/06
KX547564	8/19/02
KX547565	9/24/13
KX547566	7/24/02
KX547567	8/26/06
KX547568	8/20/10
KX547569	8/9/06
KX547570	9/2/05
KX547571	9/13/05
KX547572	7/6/10
KX547573	8/4/03
KX547574	7/10/12
KX547575	6/20/12
KX547576	10/7/11
KX547577	7/14/04
KX547578	10/18/05
KX547579	7/20/12
KX547580	8/13/08
KX547581	7/29/03
KX547582	7/2/10
KX547583	6/4/04
KX547584	9/6/02
KX547585	9/2/09
KX547586	9/19/02
KX547587	8/3/06
KX547588	8/27/04
KX547589	8/24/07
KX547590	9/9/04
KX547591	9/2/04
KX547592	8/22/03
KX547593	9/28/03
KX547594	7/31/13
KX547595	8/23/07
KX547596	8/11/05
KX547597	9/14/04
KX547598	9/3/09
KX547599	9/29/05
KX547600	9/13/10
KX547601	8/9/10
KX547602	9/1/00
KX547603	9/20/02
KX547604	8/28/13
KX547605	7/11/04
KX547606	8/1/08
KX547607	8/28/06
KX547608	8/25/09
KX547609	9/25/03
KX547610	8/10/04
KX547611	8/27/09
KX547612	8/21/12
KX547613	8/27/03
KX547614	7/6/05
KX547615	7/26/06
KX547616	9/20/07
KX547617	8/26/03
KX547618	9/25/03
KX547619	8/15/02
KX547620	8/29/02
KX547621	9/29/04
KY216149	6/20/12
KY216150	7/11/12
KY216151	7/17/12
KY216152	7/17/12
KY216153	7/25/12
KY216154	7/25/12
KY216155	7/31/12
KY229068	8/1/12
KY229069	8/7/12
KY229070	8/9/12
KY229071	8/7/12
KY229072	8/14/12
KY229073	8/21/12
KY229074	8/21/12
MF004388	9/29/08
MG004528	6/9/15
MG004529	6/26/14
MG004530	10/20/16
MG004531	5/11/16
MG004532	8/5/15
MG004533	6/3/14
MG004534	6/28/16
MG004535	7/22/14
MG004536	8/25/16
MG004537	8/28/14
MG004538	10/7/15
MG004539	6/10/14
MG004540	5/12/15
MG004541	4/26/17
W001	10/2/07
W002	10/2/07
W003	8/18/08
W004	5/13/09
W005	10/29/12
W006	7/10/13
W007	7/23/13
W008	10/7/14
W009	10/2/15
W010	8/15/16
W011	12/8/08
W012	10/28/14
W013	6/30/16
W014	10/31/14
W015	8/21/15
W017	3/19/07
W018	3/19/07
W019	10/2/07
W020	10/2/07
W021	10/25/07
W022	2/6/08
W026	5/14/08
W027	5/14/08
W028	6/11/08
W029	6/11/08
W030	6/25/08
W031	9/15/08
W032	6/25/08
W034	8/7/08
W035	9/18/08
W036	9/18/08
W037	9/18/08
W038	12/1/08
W039	12/8/08
W040	9/15/08
W041	9/18/08
W042	1/20/09
W043	12/8/08
W044	12/1/08
W045	3/23/09
W047	5/21/09
W048	12/22/08
W049	6/18/09
W050	9/15/09
W051	9/30/09
W055	8/1/13
W057	9/9/13
W058	11/1/13
W059	11/7/13
W061	8/6/14
W062	7/17/14
W063	8/13/14
W064	8/13/14
W065	9/25/14
W066	10/3/14
W067	10/3/14
W068	10/28/14
W069	11/7/14
W071	11/10/14
W072	11/17/14
W073	11/17/14
W074	12/18/14
W075	12/18/14
W076	4/16/15
W077	5/13/15
W080	7/10/15
W081	7/28/15
W082	8/14/15
W085	8/21/15
W086	8/28/15
W087	8/28/15
W088	8/28/15
W089	9/29/15
W090	10/2/15
W092	11/13/15
W093	8/11/16
W095	10/5/17
W097	10/19/17
W098	8/28/17
W100	10/5/17
W102	8/31/15
W103	8/31/15
W104	10/2/15
W105	10/2/15
W107	11/10/15
W108	11/10/15
W109	11/10/15
W111	2/3/16
W112	2/18/16
W114	5/28/04
W115	7/9/04
W116	7/23/04
W120	8/4/05
W123	9/13/06
W125	6/24/07
W126	6/24/07
W127	8/11/08
W128	8/12/08
W130	8/18/08
W131	8/21/08
W132	8/25/08
W133	6/18/09
W134	6/23/09
W135	9/4/09
W136	7/21/10
W137	7/29/10
W138	7/30/10
W139	8/2/10
W140	7/11/11
W141	8/22/11
W142	9/21/11
W143	6/6/12
W146	6/21/12
W147	7/17/12
W148	7/17/12
W151	8/8/12
W152	8/2/13
W154	8/7/13
W155	8/8/13
W157	8/12/13
W158	8/20/13
W160	8/26/13
W165	6/30/17
W166	7/3/17
W167	7/11/17
W171	8/3/17
W172	8/30/17
W174	8/31/17
W175	9/2/04
W177	6/13/05
W178	6/21/05
W179	8/7/06
W180	8/5/06
W181	7/20/07
W182	7/20/07
W183	9/9/08
W185	7/28/09
W186	7/28/09
W189	8/12/10
W190	8/11/11
W191	9/18/12
W193	8/27/12
W194	8/28/12
W196	8/7/12
W197	8/29/12
W198	8/10/12
W199	8/14/12
W201	8/21/13
W202	8/14/13
W203	9/10/13
W204	9/11/13
W205	8/28/13
W206	8/28/13
W207	8/26/13
W208	8/22/13
W209	8/22/13
W211	6/17/14
W212	6/20/14
W214	6/24/14
W216	7/8/14
W218	7/15/14
W220	7/10/14
W222	6/9/15
W223	6/15/15
W224	6/15/15
W225	7/21/15
W228	7/22/15
W229	7/15/15
W230	7/21/15
W233	6/29/16
W234	7/5/16
W235	7/1/16
W239	7/7/16
W240	7/7/16
W241	7/6/17
W242	7/6/17
W243	7/6/17
W244	7/4/17
W245	6/30/17
W246	6/29/17
W247	6/28/17
W250	8/3/17
W252	8/5/04
W253	8/11/04
W254	8/17/04
W255	8/23/04
W256	9/8/04
W257	6/16/05
W258	6/24/05
W260	6/30/05
W261	7/10/05
W262	7/13/05
W263	7/15/05
W264	7/26/05
W265	7/28/05
W266	8/1/05
W267	8/9/05
W268	8/15/05
W269	8/19/05
W270	8/29/05
W271	9/1/05
W272	7/13/06
W273	7/21/06
W274	7/31/06
W275	8/1/06
W276	8/2/06
W277	8/3/06
W278	8/9/06
W279	8/14/06
W281	8/17/06
W283	8/30/06
W284	6/7/07
W285	6/13/07
W286	6/14/07
W287	6/20/07
W288	6/22/07
W289	6/25/07
W290	6/25/07
W291	6/29/07
W292	6/29/07
W293	7/5/07
W294	7/9/07
W295	7/9/07
W296	7/9/07
W297	7/12/07
W298	7/13/07
W299	6/27/08
W303	9/24/08
W304	6/14/09
W305	6/8/09
W306	6/16/09
W307	6/15/09
W308	6/24/09
W309	7/7/09
W310	7/13/09
W312	7/6/10
W313	7/12/10
W314	7/19/10
W315	7/22/10
W316	7/22/10
W317	7/23/10
W318	7/26/10
W319	7/26/10
W320	7/28/10
W324	8/8/11
W325	8/8/11
W328	6/8/12
W331	6/13/12
W332	6/18/12
W333	6/24/12
W334	7/9/12
W335	7/10/12
W337	7/31/12
W340	7/8/13
W342	7/4/17
W344	8/5/04
W345	8/5/04
W346	8/5/04
W347	8/10/04
W348	8/11/04
W349	8/11/04
W350	8/11/04
W351	8/12/04
W352	8/12/04
W353	8/12/04
W354	8/13/04
W355	8/13/04
W356	9/21/04
W357	9/23/04
W358	6/21/05
W359	7/1/05
W360	7/1/05
W361	7/1/05
W362	7/6/05
W363	7/6/05
W365	7/14/05
W366	7/14/05
W367	7/14/05
W368	7/19/05
W369	7/11/06
W370	7/11/06
W371	7/11/06
W372	7/11/06
W373	7/14/06
W374	7/21/06
W375	7/21/06
W376	7/21/06
W377	7/21/06
W378	7/21/06
W379	7/21/06
W380	8/4/06
W381	8/4/06
W382	8/4/06
W383	8/4/06
W384	6/5/07
W385	6/6/07
W386	6/8/07
W387	6/15/07
W388	6/22/07
W389	8/3/07
W390	8/3/07
W393	8/15/07
W394	8/15/07
W395	8/15/07
W396	8/15/07
W397	8/17/07
W398	6/17/09
W399	6/17/09
W400	6/30/09
W401	7/1/09
W402	7/14/09
W403	7/14/09
W404	7/15/09
W405	7/15/09
W406	7/22/09
W407	7/28/09
W408	7/29/09
W409	7/30/09
W410	9/4/09
W411	9/4/09
W412	6/15/10
W413	6/25/10
W414	6/29/10
W415	7/1/10
W416	7/1/10
W417	7/8/10
W418	7/8/10
W419	7/9/10
W420	7/9/10
W421	7/28/10
W422	8/18/10
W423	8/25/10
W424	9/2/10
W425	9/30/10
W426	10/5/10
W427	6/8/11
W428	7/7/11
W429	7/8/11
W430	7/13/11
W431	7/13/11
W432	7/13/11
W433	7/13/11
W434	7/13/11
W435	7/15/11
W436	7/27/11
W437	8/4/11
W446	6/19/12
W455	7/19/12
W462	8/21/13
W478	7/28/15
W481	8/28/15
W485	7/26/16
W486	7/28/16
W493	6/28/17
W494	6/28/17
W502	2/6/08
W505	5/22/08
W506	6/2/08
W507	6/18/08
W508	6/18/08
W509	6/18/08
W510	7/28/08
W511	8/6/08
W512	8/11/08
W513	8/25/08
W514	9/4/08
W515	9/10/08
W516	9/12/08
W518	9/23/08
W519	9/24/08
W520	9/24/08
W521	9/25/08
W522	9/26/09
W523	11/5/08
W524	11/10/08
W525	11/17/08
W526	12/1/08
W527	12/8/08
W528	12/8/08
W529	12/22/08
W530	1/16/09
W531	1/26/09
W533	6/18/09
W534	6/23/09
W535	9/8/09
W536	9/30/09
W537	10/22/09
W538	7/14/14
W539	8/13/14
W540	9/23/14
W541	9/29/14
W543	11/10/14
W545	11/17/14
W546	12/18/14
W547	12/18/14
W548	12/16/14
W549	4/16/15
W550	4/28/15
W551	5/11/15
W552	6/5/15
W553	7/2/15
W554	7/2/15
W555	7/9/15
W556	7/21/15
W557	7/28/15
W558	8/3/15
W559	8/4/15
W560	8/17/15
W561	8/19/15
W562	8/24/15
W563	8/25/15
W564	9/1/15
W565	9/3/15
W566	9/8/15
W567	9/10/15
W568	9/10/15
W569	9/22/15
W570	9/22/15
W571	9/22/15
W572	9/28/15
W573	10/1/15
W574	10/2/15
W575	10/6/15
W576	10/7/15
W577	10/10/15
W578	10/16/15
W579	11/2/15
W580	11/16/15
W581	11/17/15
W584	2/27/16
W585	2/28/16
W586	3/16/16
W590	6/9/17
W591	7/6/17
W592	8/4/17
W593	8/15/17
W594	8/24/17
W628	7/23/04
W629	7/23/04
W630	8/6/04
W631	8/11/04
W632	8/13/04
W633	9/17/04
W634	10/8/04
W635	7/12/05
W637	7/30/05
W638	8/5/05
W639	8/20/05
W640	9/7/05
W642	7/21/06
W643	7/26/06
W644	7/26/06
W645	7/26/06
W646	8/1/06
W647	8/10/06
W649	7/6/07
W650	7/13/07
W651	7/28/07
W652	7/31/07
W653	7/31/07
W654	8/1/07
W655	8/9/07
W657	7/24/08
W658	7/25/08
W659	8/12/08
W660	8/13/08
W661	8/19/08
W663	7/9/09
W665	8/13/09
W666	8/18/09
W667	8/20/09
W668	8/20/09
W669	9/9/09
W670	7/9/10
W671	7/13/10
W672	7/20/10
W673	7/24/10
W674	9/28/10
W675	10/5/10
W676	10/13/10
W677	7/22/11
W678	8/9/11
W679	8/18/11
W680	8/25/11
W682	9/8/11
W683	9/23/11
W684	6/7/12
W685	6/14/12
W686	6/21/12
W687	7/3/12
W688	7/12/12
W689	7/31/12
W690	8/24/12
W691	6/21/13
W693	7/16/13
W694	7/19/13
W695	7/23/13
W697	8/23/13
W698	6/24/14
W699	7/1/14
W701	7/10/14
W702	7/24/14
W703	7/24/14
W704	7/31/14
W705	7/7/15
W706	7/16/15
W707	7/28/15
W708	7/31/15
W709	8/6/15
W710	8/20/15
W711	9/9/15
W712	6/14/16
W713	6/28/16
W714	7/12/16
W715	7/26/16
W716	7/29/16
W717	8/5/16
W718	8/9/16
W720	8/1/17
W721	8/3/17
W722	8/8/17
W723	8/22/17
W724	9/6/17
W725	9/12/17
W726	9/12/17
W727	7/2/10
W728	7/9/10
W730	8/2/10
W731	9/12/10
W732	9/17/10
W733	9/22/10
W734	8/18/11
W735	8/20/11
W736	8/24/11
W737	8/23/11
W738	8/29/11
W739	9/2/11
W740	9/6/11
W741	5/28/12
W742	6/7/12
W743	6/13/12
W744	6/15/12
W745	6/23/12
W746	6/28/12
W747	7/2/12
W748	5/31/13
W749	7/2/13
W751	7/24/13
W752	7/30/13
W754	9/18/13
W755	6/15/14
W756	7/10/14
W757	8/12/14
W758	9/4/14
W759	9/7/14
W760	9/11/14
W762	6/11/15
W763	7/12/15
W765	8/6/15
W767	9/24/15
W768	10/4/15
W769	5/19/16
W770	6/15/16
W771	6/20/16
W772	6/22/16
W773	6/30/16
W774	7/10/16
W775	7/28/16
W776	5/23/17
W777	6/7/17
W778	6/29/17
W779	7/5/17
W780	8/3/17
W781	9/8/17
W782	9/17/17
W783	9/7/04
W784	8/30/04
W785	8/12/04
W786	8/26/04
W787	6/21/05
W788	7/6/05
W789	7/21/05
W790	7/21/05
W791	8/1/05
W792	8/3/05
W793	8/3/05
W794	7/24/05
W795	7/25/05
W796	7/28/05
W797	9/13/06
W798	9/14/06
W799	6/21/06
W801	7/4/06
W802	7/9/07
W806	7/24/07
W807	7/24/07
W808	7/24/07
W809	7/24/07
W811	6/17/08
W812	7/6/08
W814	7/8/08
W816	9/2/08
W817	7/29/09
W819	8/20/09
W820	9/4/09
W821	9/27/09
W822	10/2/09
W823	10/2/09
W824	8/2/18
W825	8/8/18
W826	8/14/18
W827	8/14/18
W828	8/14/18
W829	8/14/18
W830	8/25/18
HM488122	8/1/06
HM488123	8/1/06
HM488124	8/1/06
HM488177	8/1/02
HM488178	8/1/02
HM488179	8/1/02
HM488180	8/1/02
HM488181	8/1/02
HM488182	8/1/02
HM488183	8/1/02
HM488184	8/1/02
HM488185	8/1/03
HM488186	8/1/03
HM488187	8/1/03
HM488188	8/1/04
HM488189	8/1/04
HM488190	8/1/04
HM488191	8/1/04
HM488192	8/1/05
HM488193	8/1/05
HM488194	8/1/05
HM488195	8/1/05
HM488196	8/1/05
HM488197	8/1/05
HM488198	8/1/05
HM488199	8/1/07
HM488200	8/1/07
HM488201	8/1/07
HM488202	8/1/07
HM488203	8/1/08
HM488204	8/1/08
HM488205	8/1/08
HM488206	8/1/08
HM488207	8/1/08
HM488211	8/1/03
HM488237	8/1/08
HM488238	8/1/08
HM488239	8/1/08
HM488240	8/1/08
HM488241	8/1/08
HM488242	8/1/08
HM488243	8/1/08
HM488244	8/1/08
HM488245	8/1/08
HM488246	8/1/01
HM488247	8/1/01
HM488248	8/1/01
HM488249	8/1/01
HM488250	8/1/03
HM488251	8/1/03
HM488252	2005
HM488253	8/1/06
HM488254	8/1/07
HM756660	8/1/08
HM756661	8/1/01
HM756662	8/1/01
HM756663	8/1/01
HM756664	8/1/02
HM756665	8/1/02
HM756666	8/1/03
HM756667	8/1/03
HM756668	8/1/03
HM756669	8/1/03
HM756670	8/1/03
HM756671	8/1/04
HM756672	8/1/04
HM756673	8/1/04
HM756675	8/1/05
HM756676	8/1/03
HM756677	8/1/05
HM756678	8/1/07
HQ671696	8/1/01
HQ671697	8/1/01
HQ671698	8/1/02
HQ671699	8/1/02
HQ671700	8/1/03
HQ671701	8/1/03
HQ671702	8/1/03
HQ671703	8/1/03
HQ671704	8/1/03
HQ671705	8/1/03
HQ671706	8/1/99
HQ671707	8/1/99
HQ671708	8/1/00
HQ671709	8/1/00
HQ671710	8/1/00
HQ671711	8/1/00
HQ671712	8/1/00
HQ671713	8/1/01
HQ671714	8/1/01
HQ671715	8/1/01
HQ671716	8/1/01
HQ671717	8/1/01
HQ671718	8/1/01
HQ671719	8/1/01
HQ671720	8/1/02
HQ671721	8/1/08
HQ671722	8/1/02
HQ671723	8/1/03
HQ671724	8/1/05
HQ671725	8/1/05
HQ671726	8/1/05
HQ671727	8/1/06
HQ671728	8/1/06
HQ671729	8/1/06
HQ671730	8/1/07
HQ671742	8/1/02
HQ705659	8/1/03
HQ705660	8/1/03
HQ705669	8/1/02
JF488086	8/1/04
JF488087	8/1/04
JF488088	8/1/04
JF488089	8/1/04
JF488090	8/1/04
JF488091	8/1/04
JF488092	8/1/04
JF488093	8/1/05
JF488094	8/1/04
JF488095	8/1/09
JF488096	8/1/09
JF488097	8/1/07
JF730042	8/1/07
JF730043	8/1/02
JF899528	8/1/04
JF899529	8/1/05
JF920306	8/1/03
JF920307	8/1/01
JF920728	8/1/03
JF920729	8/1/06
JF920730	8/1/06
JF920731	8/1/06
JF920732	8/1/06
JF920733	8/1/06
JF920734	8/1/06
JF920735	8/1/06
JF920736	8/1/06
JF920737	8/1/06
JF920738	8/1/07
JF920739	8/1/07
JF920740	8/1/07
JF920741	8/1/07
JF920742	8/1/07
JF920743	8/1/07
JF920744	8/1/07
JF920745	8/1/07
JF920746	8/1/07
JF920747	8/1/08
JF920748	8/1/08
JF920749	8/1/08
JF920750	8/1/08
JF920751	8/1/08
JF920752	8/1/08
JF920753	8/1/08
JF920754	8/1/08
JF920755	8/1/08
JF920756	8/1/08
JF920757	8/1/08
JF920758	8/1/09
JF920759	8/1/09
JF920760	8/1/09
JF957161	8/1/06
JF957162	8/1/06
JF957163	8/1/06
JF957164	8/1/06
JF957165	8/1/06
JF957166	8/1/06
JF957167	8/1/06
JF957168	8/1/07
JF957169	8/1/07
JF957170	8/1/07
JF957171	8/1/07
JF957172	8/1/07
JF957173	8/1/08
JF957174	8/1/08
JF957175	8/1/09
JF957176	8/1/09
JF957177	8/1/09
JF957178	8/1/09
JF957179	8/1/09
JF957180	8/1/09
JF957181	8/1/09
JF957182	8/1/09
JF957183	8/1/09
JF957184	8/1/09
JF957185	8/1/10
JF957186	8/1/10
JF972636	8/1/08
JN183885	8/1/08
JN183886	8/1/08
JN183887	8/1/02
JN183888	8/1/06
JN183890	8/1/03
JN183891	8/1/02
JN183892	8/1/05
JN367277	8/1/04
JQ700437	8/1/03
JQ700438	8/1/11
JQ700439	8/1/11
JQ700440	8/1/11
JQ700441	8/1/11
JQ700442	8/1/11
KJ145799	8/29/05
KJ145827	9/13/10
KJ145828	9/12/10
KJ145829	9/20/10
KJ145832	8/30/07
KJ501096	8/29/11
KJ501098	10/3/11
KJ501099	7/29/09
KJ501100	8/3/09
KJ501101	8/3/09
KJ501102	8/18/09
KJ501103	8/19/03
KJ501104	8/19/03
KJ501105	8/19/03
KJ501106	6/12/08
KJ501107	9/16/03
KJ501108	7/10/07
KJ501109	7/10/08
KJ501110	9/1/09
KJ501111	9/1/09
KJ501112	9/18/07
KJ501113	9/3/08
KJ501114	9/18/07
KJ501115	5/29/05
KJ501116	9/25/08
KJ501117	6/8/10
KJ501118	2/15/11
KJ501119	6/19/05
KJ501120	6/8/10
KJ501121	8/30/11
KJ501122	8/30/11
KJ501123	4/14/04
KJ501124	9/14/10
KJ501125	4/28/04
KJ501126	1/1/07
KJ501127	1/1/08
KJ501128	8/16/04
KJ501129	8/24/04
KJ501130	5/22/08
KJ501131	5/17/04
KJ501132	10/18/07
KJ501133	9/25/08
KJ501134	8/11/10
KJ501135	8/12/10
KJ501136	8/12/10
KJ501137	9/2/11
KJ501138	9/2/11
KJ501139	9/2/11
KJ501140	9/2/11
KJ501141	9/2/11
KJ501142	9/2/11
KJ501143	10/25/11
KJ501144	10/26/11
KJ501146	11/17/11
KJ501147	7/22/08
KJ501148	6/24/11
KJ501149	7/6/11
KJ501150	7/6/11
KJ501168	9/14/07
KJ501170	7/21/11
KJ501178	9/1/11
KJ501186	7/26/05
KJ501195	9/2/11
KJ501201	9/2/11
KJ501206	8/18/08
KJ501207	8/13/12
KJ501208	7/10/12
KJ501211	7/31/12
KJ501214	8/7/12
KJ501215	8/13/12
KJ501216	8/15/12
KJ501217	8/20/12
KJ501218	8/22/12
KJ501219	8/27/12
KJ501220	8/28/12
KJ501222	8/6/12
KJ501224	8/13/12
KJ501225	8/14/12
KJ501226	8/21/12
KJ501228	8/22/12
KJ501229	8/23/12
KJ501230	8/15/12
KJ501243	9/19/01
KJ501245	9/25/01
KJ501258	12/14/07
KJ501262	7/22/10
KJ501263	8/2/02
KJ501265	8/22/02
KJ501266	8/27/02
KJ501270	9/16/02
KJ501271	9/16/03
KJ501272	10/10/03
KJ501273	8/14/03
KJ501278	10/24/01
KJ501279	8/21/02
KJ501280	9/11/03
KJ501281	8/8/02
KJ501284	7/11/02
KJ501285	9/4/02
KJ501287	8/30/02
KJ501290	8/8/02
KJ501291	8/8/02
KJ501292	10/19/01
KJ501294	8/28/03
KJ501295	8/13/02
KJ501296	9/13/02
KJ501298	8/6/02
KJ501299	8/13/02
KJ501300	8/20/02
KJ501301	8/22/02
KJ501302	8/27/02
KJ501303	8/23/02
KJ501304	7/31/02
KJ501305	9/1/03
KJ501309	8/13/02
KJ501310	8/13/02
KJ501311	8/13/02
KJ501312	9/8/03
KJ501313	7/29/03
KJ501314	9/1/03
KJ501315	8/23/02
KJ501317	10/4/01
KJ501318	8/8/02
KJ501319	8/22/02
KJ501320	9/11/03
KJ501321	9/4/02
KJ501328	8/6/02
KJ501332	9/13/01
KJ501333	8/13/02
KJ501337	9/13/02
KJ501338	9/9/02
KJ501339	9/13/02
KJ501340	9/1/03
KJ501344	7/30/02
KJ501345	9/12/02
KJ501347	9/27/02
KJ501351	7/28/03
KJ501352	8/14/03
KJ501353	8/8/03
KJ501355	7/3/02
KJ501356	7/16/03
KJ501357	8/4/03
KJ501358	8/19/03
KJ501359	9/16/03
KJ501360	9/5/03
KJ501364	8/26/02
KJ501365	9/11/03
KJ501366	9/22/03
KJ501368	8/6/02
KJ501369	8/8/02
KJ501370	7/31/02
KJ501371	8/2/02
KJ501373	8/20/02
KJ501375	8/8/02
KJ501380	9/5/02
KJ501383	8/13/02
KJ501384	8/13/02
KJ501387	8/30/02
KJ501388	8/30/02
KJ501389	8/6/03
KJ501390	8/6/03
KJ501391	8/6/03
KJ501392	7/19/03
KJ501393	9/14/01
KJ501394	9/13/01
KJ501396	8/28/03
KJ501398	9/30/04
KJ501399	7/31/02
KJ501400	8/14/02
KJ501401	10/2/01
KJ501402	10/15/04
KJ501403	8/9/05
KJ501404	7/28/05
KJ501405	7/19/06
KJ501406	7/27/06
KJ501407	7/27/06
KJ501408	7/27/06
KJ501409	7/28/06
KJ501410	8/17/06
KJ501411	8/12/08
KJ501412	8/12/08
KJ501413	10/15/04
KJ501414	8/25/05
KJ501415	7/26/06
KJ501416	9/7/06
KJ501417	7/26/06
KJ501418	12/4/08
KJ501419	8/6/04
KJ501420	8/6/04
KJ501421	8/6/04
KJ501422	8/6/04
KJ501423	8/6/04
KJ501424	8/3/07
KJ501425	8/3/07
KJ501426	7/19/02
KJ501427	9/11/02
KJ501428	8/15/06
KJ501429	8/16/06
KJ501430	8/16/06
KJ501431	8/16/06
KJ501432	8/29/12
KJ501434	7/30/12
KJ501435	8/13/12
KJ501437	8/28/12
KJ501438	5/18/10
KJ501439	10/12/01
KJ501445	10/2/01
KJ501446	9/16/03
KJ501447	7/9/03
KJ501448	2001
KJ501449	8/26/02
KJ501450	8/27/02
KJ501451	8/28/03
KJ501452	11/9/01
KJ501456	8/19/03
KJ501457	9/26/03
KJ501458	8/30/02
KJ501460	9/11/03
KJ501463	8/9/02
KJ501464	9/16/02
KJ501472	8/15/03
KJ501475	8/23/02
KJ501476	8/30/02
KJ501477	8/12/03
KJ501478	8/14/03
KJ501481	9/4/02
KJ501482	7/17/02
KJ501483	7/30/02
KJ501484	8/30/02
KJ501487	9/2/05
KJ501489	7/30/02
KJ501490	8/6/02
KJ501491	8/13/02
KJ501492	8/12/05
KJ501495	8/13/02
KJ501497	10/17/01
KJ501498	8/22/03
KJ501501	8/16/02
KJ501502	9/4/02
KJ501503	7/25/02
KJ501505	7/17/02
KJ501508	7/31/03
KJ501510	8/2/02
KJ501511	8/2/02
KJ501514	10/2/02
KJ501517	8/15/02
KJ501519	8/13/02
KJ501520	10/15/04
KJ501521	7/18/06
KJ501522	7/30/04
KJ501523	7/25/06
KJ501524	9/7/06
KJ501525	8/6/04
KJ501526	7/17/06
KJ501527	8/4/03
KJ501529	8/16/06
KJ501530	9/27/12
KJ501531	8/7/12
KJ501532	8/21/12
KJ501533	8/24/12
KJ501534	8/25/11
KJ501535	9/27/11
KJ501536	8/26/11
KJ501537	7/27/11
KJ501538	7/26/11
KJ501539	9/23/11
KJ786934	8/1/01
KM012170	8/1/12
KM012171	8/1/12
KM012172	8/1/12
KM012173	8/1/12
KM012174	8/1/12
KM012175	8/1/12
KM012176	8/1/12
KM012177	8/1/12
KM012178	8/1/12
KM012179	8/1/12
KM012180	8/1/12
KM012181	8/1/12
KM012182	8/1/12
KM012183	8/1/12
KM012184	8/1/12
KM012185	8/1/12
KM012186	8/1/12
KM012187	8/1/12
KM012188	8/1/12
KT020853	9/1/14
MH166882	8/1/00
MH166883	8/1/02
MH166884	8/1/04
MH166885	8/1/09
MH166886	8/1/01
MH166887	8/1/02
MH166888	8/1/05
MH166889	8/1/06
MH166890	8/1/06
MH166891	8/1/07
MH166892	8/1/08
MH166893	8/1/10
MH166894	8/1/07
MH166895	8/1/05
MH166896	8/1/09
MH166897	8/1/10
MH166898	8/1/08
MH166899	8/1/02
MH166900	8/1/03
MH166901	8/1/00
MH166902	8/1/10
MH166903	8/1/00
MH166904	8/1/00
MH166905	8/1/02
MH166906	8/1/03
MH166907	8/1/06
MH166908	8/1/05
MH166909	8/1/09
MH166910	8/1/06
MH166911	8/1/02
MH166912	8/1/03
MH166913	8/1/04
MH166914	8/1/09
MH166915	8/1/02
MH166916	8/1/10
MH166917	8/1/04
MH166918	8/1/08
MH166919	8/1/04
MH166920	8/1/09
MH166921	8/1/08
MH170226	8/1/03
MH170227	8/1/04
MH170228	8/1/03
MH170229	8/1/06
MH170230	8/1/07
MH170231	8/1/03
MH170232	8/1/06
MH170233	8/1/04
MH170234	8/1/03
MH170235	8/1/06
MH170236	8/1/06
MH170237	8/1/03
MH170238	8/1/03
MH170239	8/1/06
MH170240	8/1/08
MH170241	8/1/07
MH170242	8/1/07
MH170243	8/1/06
MH170244	8/1/07
MH170245	8/1/08
MH170246	8/1/04
MH170247	8/1/08
MH170248	8/1/04
MH170249	8/1/06
MH170250	8/1/08
MH170251	8/1/07
MH170252	8/1/07
MH170253	8/1/08
MH170254	8/1/03
MH170255	8/1/08
MH170256	8/1/03
MH170257	8/1/05
MH170258	8/1/07
MH170259	8/1/09
MH170260	8/1/09
MH170261	8/1/08
MH170262	8/1/09
MH170263	8/1/01
MH170264	8/1/02
MH170265	8/1/04
MH170266	8/1/07
MH170267	8/1/08
MH170268	8/1/07
MH170269	8/1/05
MH170270	8/1/04
MH170271	8/1/08
MH170272	8/1/07
MH170273	8/1/01
MH170274	8/1/02
MH170275	8/1/02
MH170276	8/1/01
MF175806	9/24/12
MF175807	9/21/12
MF175808	9/19/12
MF175809	9/18/12
MF175810	9/17/12
MF175811	9/12/12
MF175812	9/5/12
MF175813	9/4/12
MF175814	9/4/12
MF175815	10/9/12
MF175816	8/27/13
MF175817	7/30/13
MF175818	9/26/13
MF175819	9/11/13
MF175820	9/10/13
MF175821	8/20/13
MF175822	8/20/13
MF175824	8/15/13
MF175825	8/13/13
MF175826	8/13/13
MF175827	8/7/13
MF175828	8/8/13
MF175829	8/6/13
MF175830	10/14/14
MF175831	9/22/15
MF175832	7/22/14
MF175833	7/9/14
MF175834	8/11/15
MF175835	9/10/14
MF175836	7/8/15
MF175837	8/5/14
MF175838	8/18/14
MF175839	8/28/14
MF175840	7/1/14
MF175841	10/13/15
MF175842	10/17/14
MF175843	6/23/15
MF175844	7/21/14
MF175845	9/16/14
MF175846	10/16/14
MF175847	7/28/15
MF175848	7/27/15
MF175849	7/21/15
MF175850	7/21/15
MF175851	9/1/15
MF175852	10/21/15
MF175853	8/5/14
MF175854	10/20/15
MF175855	11/4/14
MF175856	8/10/15
MF175857	8/11/15
MF175858	9/22/15
MF175859	8/5/14
MF175860	7/22/15
MF175861	8/19/15
MF175862	6/9/15
MF175863	9/4/14
MF175864	9/10/14
MF175865	9/16/15
MF175866	9/9/14
MF175867	7/21/15
MF175868	6/3/14
MF175869	8/7/14
MF175870	8/12/15
MF175871	8/12/14
MF175872	9/23/14
MF175873	9/8/15
MF175874	8/19/15
MF175875	9/1/15
MF175877	11/11/15
AF481864	08/28/1998
GQ379160	02/28/2006
JN716371	07/15/2008
JN716372	07/15/2008
KF367469	03/30/2013
KU978766	07/15/2008
MH643887	04/25/2018
